{"root":[{"assemblyName":"Unity.InputSystem","nameSpace":"UnityEngine.InputSystem","className":"InputSystem","methodName":"RunInitializeInPlayer","loadTypes":1,"isUnityClass":true},{"assemblyName":"BehaviorDesigner.Runtime","nameSpace":"BehaviorDesigner.Runtime","className":"Behavior","methodName":"DomainReset","loadTypes":4,"isUnityClass":false},{"assemblyName":"BehaviorDesigner.Runtime","nameSpace":"BehaviorDesigner.Runtime","className":"BehaviorManager","methodName":"DomainReset","loadTypes":4,"isUnityClass":false},{"assemblyName":"BehaviorDesigner.Runtime","nameSpace":"BehaviorDesigner.Runtime","className":"GlobalVariables","methodName":"DomainReset","loadTypes":4,"isUnityClass":false}]}
